Date;omm_id;nombre;summary;temperatura;humidity;pressure;windSpeed;uvIndex;temperatureMin;temperatureMax;precipAccumulation
2020-12-03;La Florida;1;;19.32;0.48;1010.6;8.54;10;13.85;24.79;3.84
2020-12-04;La Florida;1;Overcast throughout the day.;14.045;0.61;1021.9;8.1;5;9.41;18.68;1.284
2020-12-05;La Florida;1;Partly cloudy throughout the day.;13.18;0.54;1023.4;9.38;10;6.98;19.38;0.1152
2020-12-06;La Florida;1;Clear throughout the day.;15.89;0.6;1018.6;9.3;12;8.83;22.95;0.0168
2020-12-07;La Florida;1;Clear throughout the day.;17.5;0.61;1014.2;10.19;12;10.23;24.77;0.0288
2020-12-08;La Florida;1;Partly cloudy throughout the day.;21.27;0.59;1012.5;7.26;13;13.64;28.9;1.4544000000000001
2020-12-09;La Florida;1;Clear throughout the day.;23.405;0.58;1012.9;8.45;12;17.67;29.14;0.7296
2020-12-10;La Florida;1;Clear throughout the day.;25.695;0.45;1003.1;14.76;14;18.15;33.24;0.2136
2020-12-11;La Florida;1;Partly cloudy throughout the day.;17.62;0.5;1009.8;11.78;12;11.37;23.87;1.2456
2020-12-12;La Florida;1;Clear throughout the day.;21.285;0.45;1005.7;9.43;14;13.37;29.2;0.0504
2020-12-13;La Florida;1;Partly cloudy throughout the day.;17.095;0.5;1014.0;12.48;12;10.91;23.28;2.2392
2020-12-14;La Florida;1;Clear throughout the day.;20.305;0.35;1008.7;8.22;14;11.04;29.57;0.040799999999999996
2020-12-15;La Florida;1;Clear throughout the day.;19.215;0.3;1010.1;12.05;12;13.64;24.79;0.012
2020-12-16;La Florida;1;Clear throughout the day.;19.475;0.39;1013.2;11.3;13;12.13;26.82;0.12240000000000001
2020-12-17;La Florida;1;Partly cloudy throughout the day.;22.415;0.35;1010.1;13.52;12;14.58;30.25;0.2352
2020-12-18;La Florida;1;Rain overnight.;22.66;0.67;1003.8;11.51;11;15.99;29.33;10.276800000000001
2020-12-19;La Florida;1;Clear throughout the day.;16.54;0.49;1007.5;14.35;14;11.96;21.12;0.3528
2020-12-20;La Florida;1;Mostly cloudy throughout the day.;15.59;0.66;1013.9;6.66;8;9.63;21.55;1.0008
2020-12-21;La Florida;1;Partly cloudy throughout the day.;19.375;0.55;1015.7;9.16;11;11.87;26.88;0.0
2020-12-22;La Florida;1;Clear throughout the day.;21.685;0.47;1012.8;12.57;12;14.65;28.72;0.3024
2020-12-23;La Florida;1;Clear throughout the day.;22.79;0.46;1010.5;10.09;14;15.51;30.07;0.0216
2020-12-24;La Florida;1;Partly cloudy throughout the day.;22.845;0.54;1009.0;9.03;11;16.84;28.85;4.5456
2020-12-25;La Florida;1;Mostly cloudy throughout the day.;21.71;0.69;1012.7;8.33;10;16.79;26.63;5.364
2020-12-26;La Florida;1;Partly cloudy throughout the day.;22.63;0.55;1011.6;9.98;12;15.62;29.64;0.516
2020-12-27;La Florida;1;Mostly cloudy throughout the day.;22.935000000000002;0.62;1012.0;11.17;8;17.59;28.28;4.0200000000000005
2020-12-28;La Florida;1;Rain in the morning and afternoon.;19.105;0.91;1012.4;6.51;6;17.04;21.17;7.461600000000001
2020-12-29;La Florida;1;Clear throughout the day.;20.025;0.71;1009.3;7.1;14;14.45;25.6;0.0552
2020-12-30;La Florida;1;Partly cloudy throughout the day.;15.655;0.69;1011.5;9.38;13;11.23;20.08;1.8912
2020-12-31;La Florida;1;Clear throughout the day.;16.85;0.59;1015.0;8.77;14;10.03;23.67;0.0432
2021-01-01;La Florida;1;Mostly cloudy throughout the day.;19.835;0.62;1013.6;10.49;10;14.32;25.35;0.0576
2021-01-02;La Florida;1;Overcast throughout the day.;20.045;0.62;1013.0;13.1;6;16.65;23.44;0.5136
2021-01-03;La Florida;1;Heavy rain in the morning and afternoon.;16.945;0.96;1012.9;7.84;6;13.9;19.99;39.0936
2021-01-04;La Florida;1;Rain overnight.;18.064999999999998;0.92;1010.3;5.1;9;14.02;22.11;3.4104
2021-01-05;La Florida;1;Rain in the morning.;17.630000000000003;0.82;1013.1;6.76;8;13.23;22.03;14.808
2021-01-06;La Florida;1;Partly cloudy throughout the day.;16.22;0.63;1014.2;7.65;12;10.38;22.06;0.20400000000000001
2021-01-07;La Florida;1;Partly cloudy throughout the day.;18.845;0.56;1012.0;7.17;11;12.98;24.71;1.5792
2021-01-08;La Florida;1;Heavy rain overnight.;18.91;0.61;1012.0;9.34;9;14.9;22.92;6.4704
2021-01-09;La Florida;1;Partly cloudy throughout the day.;18.325;0.75;1010.6;7.0;11;12.42;24.23;14.2392
2021-01-10;La Florida;1;Possible light rain in the afternoon.;20.375;0.81;1006.5;8.28;10;15.51;25.24;4.1304
2021-01-11;La Florida;1;Partly cloudy throughout the day.;20.285;0.87;1007.2;10.29;11;15.37;25.2;6.8832
2021-01-12;La Florida;1;Mostly cloudy throughout the day.;15.81;0.65;1017.4;10.0;10;10.41;21.21;0.3888
2021-01-13;La Florida;1;Mostly cloudy throughout the day.;16.77;0.88;1016.6;10.33;7;12.97;20.57;0.6264000000000001
2021-01-14;La Florida;1;Mostly cloudy throughout the day.;18.740000000000002;0.88;1012.5;11.79;8;14.52;22.96;0.9384000000000001
2021-01-15;La Florida;1;Mostly cloudy throughout the day.;20.535;0.93;1006.8;6.16;7;16.47;24.6;4.5048
2021-01-16;La Florida;1;Rain in the morning.;15.875;0.79;1008.8;10.74;7;11.6;20.15;11.6472
2021-01-17;La Florida;1;Clear throughout the day.;16.555;0.51;1014.8;11.04;13;9.25;23.86;0.012
2021-01-18;La Florida;1;Clear throughout the day.;18.65;0.47;1014.7;8.74;12;11.76;25.54;0.0216
2021-01-19;La Florida;1;Partly cloudy throughout the day.;19.700000000000003;0.48;1014.8;9.19;10;13.23;26.17;0.012
2021-01-20;La Florida;1;Clear throughout the day.;20.04;0.44;1015.5;10.09;14;13.24;26.84;0.0168
2021-01-21;La Florida;1;Clear throughout the day.;21.305;0.45;1015.7;10.71;14;14.19;28.42;0.024
2021-01-22;La Florida;1;Clear throughout the day.;21.2;0.57;1015.5;11.51;12;14.9;27.5;0.43199999999999994
2021-01-23;La Florida;1;Partly cloudy throughout the day.;21.61;0.73;1012.1;10.01;11;15.37;27.85;2.5536
2021-01-24;La Florida;1;Partly cloudy throughout the day.;22.759999999999998;0.7;1009.3;7.93;11;17.58;27.94;3.9792
2021-01-25;La Florida;1;Partly cloudy throughout the day.;22.939999999999998;0.72;1005.5;5.55;10;18.3;27.58;3.2375999999999996
2021-01-26;La Florida;1;Rain in the afternoon.;21.295;0.75;1005.5;9.66;6;16.89;25.7;7.0296
2021-01-27;La Florida;1;Mostly cloudy throughout the day.;20.815;0.68;1007.7;7.77;8;15.51;26.12;2.1072
2021-01-28;La Florida;1;Rain in the evening and overnight.;19.200000000000003;0.72;1005.7;8.73;8;15.96;22.44;10.2528
2021-01-29;La Florida;1;Rain overnight.;19.435000000000002;0.89;1004.6;7.05;8;14.39;24.48;11.9712
2021-01-30;La Florida;1;Rain until afternoon, starting again overnight.;16.049999999999997;0.98;1009.3;8.53;6;13.27;18.83;12.031199999999998
2021-01-31;La Florida;1;Rain throughout the day.;12.05;0.99;1014.4;6.24;7;10.53;13.57;14.241600000000002
2021-02-01;La Florida;1;Rain throughout the day.;12.870000000000001;0.99;1013.8;5.06;6;11.05;14.69;7.4472000000000005
2021-02-02;La Florida;1;Rain in the morning and afternoon.;13.575000000000001;0.93;1015.2;5.31;6;10.8;16.35;30.744
2021-02-03;La Florida;1;Partly cloudy throughout the day.;14.754999999999999;0.73;1016.5;6.91;9;9.33;20.18;0.7056
2021-02-04;La Florida;1;Clear throughout the day.;17.28;0.57;1018.5;9.73;12;11.65;22.91;0.0264
2021-02-05;La Florida;1;Clear throughout the day.;18.69;0.59;1015.6;7.73;11;11.74;25.64;0.0312
2021-02-06;La Florida;1;Clear throughout the day.;20.2;0.58;1013.1;8.9;11;13.87;26.53;0.08159999999999999
2021-02-07;La Florida;1;Partly cloudy throughout the day.;20.88;0.58;1012.3;8.07;10;14.95;26.81;0.7248
2021-02-08;La Florida;1;Rain starting in the afternoon.;17.32;0.79;1016.1;7.85;8;14.25;20.39;14.8488
2021-02-09;La Florida;1;Light rain throughout the day.;15.305;0.92;1019.2;4.74;7;12.4;18.21;8.6112
2021-02-10;La Florida;1;Possible light rain in the afternoon and evening.;15.08;0.92;1017.6;5.06;6;11.79;18.37;5.052
2021-02-11;La Florida;1;Rain in the morning and afternoon.;15.844999999999999;0.89;1013.7;4.82;8;11.67;20.02;5.6952
2021-02-12;La Florida;1;Possible light rain in the afternoon.;17.880000000000003;0.84;1012.3;4.33;9;13.16;22.6;6.3408
2021-02-13;La Florida;1;Partly cloudy throughout the day.;18.72;0.74;1009.9;6.29;10;13.41;24.03;1.4808
2021-02-14;La Florida;1;Clear throughout the day.;20.795;0.65;1007.9;8.53;12;15.52;26.07;1.1880000000000002
2021-02-15;La Florida;1;Rain starting in the afternoon.;18.835;0.71;1012.2;6.71;7;14.61;23.06;12.912
2021-02-16;La Florida;1;Rain in the afternoon and evening.;16.64;0.87;1013.4;4.91;8;11.79;21.49;7.444799999999999
2021-02-17;La Florida;1;Partly cloudy throughout the day.;18.75;0.78;1011.6;6.18;11;13.13;24.37;2.5872
2021-02-18;La Florida;1;Clear throughout the day.;20.085;0.68;1009.9;6.76;10;14.48;25.69;2.6376
2021-02-19;La Florida;1;Rain in the morning and afternoon.;15.92;0.91;1014.7;6.9;7;13.14;18.7;9.624
2021-02-20;La Florida;1;Partly cloudy throughout the day.;16.495;0.84;1014.8;7.47;9;11.14;21.85;1.08
2021-02-21;La Florida;1;Partly cloudy throughout the day.;19.134999999999998;0.77;1011.5;7.69;9;13.87;24.4;1.5552
2021-02-22;La Florida;1;Partly cloudy throughout the day.;21.2;0.73;1010.0;8.24;10;15.86;26.54;0.792
2021-02-23;La Florida;1;Mostly cloudy throughout the day.;17.27;0.67;1015.4;4.9;8;13.37;21.17;2.7408
2021-02-24;La Florida;1;Partly cloudy throughout the day.;18.759999999999998;0.64;1014.3;7.58;10;13.04;24.48;0.324
2021-02-25;La Florida;1;Partly cloudy throughout the day.;20.314999999999998;0.71;1013.1;8.67;10;14.84;25.79;1.7904
2021-02-26;La Florida;1;Partly cloudy throughout the day.;20.56;0.71;1010.9;10.13;9;15.26;25.86;0.1344
2021-02-27;La Florida;1;Partly cloudy throughout the day.;21.07;0.64;1013.6;9.59;10;16.14;26.0;1.1208
2021-02-28;La Florida;1;Partly cloudy throughout the day.;20.36;0.8;1012.7;7.71;9;16.36;24.36;8.1024
2021-03-01;La Florida;1;Mostly cloudy throughout the day.;20.98;0.84;1010.8;6.27;7;16.77;25.19;6.2136000000000005
2021-03-02;La Florida;1;Mostly cloudy throughout the day.;19.72;0.8;1012.3;5.73;8;15.82;23.62;7.1592
2021-03-03;La Florida;1;Overcast throughout the day.;19.185;0.8;1014.3;5.68;6;15.85;22.52;3.1728000000000005
2021-03-04;La Florida;1;Partly cloudy throughout the day.;19.89;0.79;1013.6;7.89;8;15.41;24.37;2.4863999999999997
2021-03-05;La Florida;1;Partly cloudy throughout the day.;20.26;0.73;1013.2;7.46;10;15.22;25.3;0.2544
2021-03-06;La Florida;1;Clear throughout the day.;21.73;0.66;1011.1;7.55;9;16.07;27.39;0.46799999999999997
2021-03-07;La Florida;1;Clear throughout the day.;22.795;0.62;1011.0;6.94;10;17.0;28.59;0.0552
2021-03-08;La Florida;1;Mostly cloudy throughout the day.;20.634999999999998;0.66;1015.5;8.03;7;16.56;24.71;0.7032
2021-03-09;La Florida;1;Partly cloudy throughout the day.;20.055;0.63;1014.2;8.77;9;15.3;24.81;0.1944
2021-03-10;La Florida;1;Clear throughout the day.;21.47;0.62;1009.2;9.32;9;15.23;27.71;0.4536
2021-03-11;La Florida;1;Mostly cloudy throughout the day.;19.97;0.76;1011.5;7.31;6;16.33;23.61;7.308
2021-03-12;La Florida;1;Rain in the morning and afternoon.;17.085;0.91;1015.4;5.06;5;14.76;19.41;14.647199999999998
2021-03-13;La Florida;1;Mostly cloudy throughout the day.;18.865000000000002;0.75;1015.0;7.16;7;14.29;23.44;3.7488
2021-03-14;La Florida;1;Mostly cloudy throughout the day.;18.98;0.8;1015.7;6.41;7;15.24;22.72;3.1944
2021-03-15;La Florida;1;Rain in the morning and overnight.;17.6;0.92;1012.6;9.73;6;14.93;20.27;13.703999999999999
2021-03-16;La Florida;1;Rain in the morning.;17.145;0.81;1009.4;9.66;8;13.82;20.47;8.1768
2021-03-17;La Florida;1;Mostly cloudy throughout the day.;12.155;0.87;1018.1;8.27;6;9.95;14.36;3.3216
2021-03-18;La Florida;1;Overcast throughout the day.;10.690000000000001;0.89;1018.4;6.86;6;7.91;13.47;1.5432
2021-03-19;La Florida;1;Overcast throughout the day.;12.075;0.84;1013.2;6.8;6;8.49;15.66;1.2816
2021-03-20;La Florida;1;Partly cloudy throughout the day.;15.84;0.77;1015.0;9.01;7;11.36;20.32;1.3248
2021-03-21;La Florida;1;Partly cloudy throughout the day.;13.675;0.67;1021.1;7.66;8;8.51;18.84;1.3656
2021-03-22;La Florida;1;Partly cloudy throughout the day.;14.73;0.66;1019.1;7.33;8;9.58;19.88;0.1464
2021-03-23;La Florida;1;Clear throughout the day.;16.36;0.67;1015.5;9.97;9;10.23;22.49;0.040799999999999996
2021-03-24;La Florida;1;Partly cloudy throughout the day.;17.265;0.82;1012.6;6.94;7;11.38;23.15;1.272
2021-03-25;La Florida;1;Possible light rain in the morning and afternoon.;17.4;0.98;1011.1;6.27;6;14.97;19.83;6.252000000000001
2021-03-26;La Florida;1;Possible drizzle in the morning.;13.955;0.82;1015.7;9.27;6;9.79;18.12;1.7136
2021-03-27;La Florida;1;Clear throughout the day.;12.329999999999998;0.57;1017.4;12.15;8;7.17;17.49;0.0336
2021-03-28;La Florida;1;Clear throughout the day.;12.975000000000001;0.59;1017.0;8.96;8;6.24;19.71;0.0288
2021-03-29;La Florida;1;Clear throughout the day.;14.69;0.59;1018.0;7.36;9;8.0;21.38;0.0264
2021-03-30;La Florida;1;Clear throughout the day.;15.780000000000001;0.65;1016.8;8.48;8;9.74;21.82;0.0528
2021-03-31;La Florida;1;Partly cloudy throughout the day.;15.485;0.74;1015.5;8.28;7;9.49;21.48;0.0864
2021-04-01;La Florida;1;Mostly cloudy throughout the day.;14.39;0.86;1015.5;6.79;6;10.22;18.56;1.9367999999999999
2021-04-02;La Florida;1;Mostly cloudy throughout the day.;15.26;0.8;1016.5;8.04;6;10.54;19.98;0.5328
2021-04-03;La Florida;1;Mostly cloudy throughout the day.;16.049999999999997;0.79;1016.1;7.53;6;10.79;21.31;0.3024
2021-04-04;La Florida;1;Mostly cloudy throughout the day.;16.8;0.79;1014.3;8.82;6;11.99;21.61;0.18
2021-04-05;La Florida;1;Mostly cloudy throughout the day.;17.355;0.86;1012.9;8.43;6;13.12;21.59;0.744
2021-04-06;La Florida;1;Partly cloudy throughout the day.;17.439999999999998;0.88;1013.4;9.54;7;12.68;22.2;0.18719999999999998
2021-04-07;La Florida;1;Mostly cloudy throughout the day.;17.119999999999997;0.89;1012.0;10.21;5;12.54;21.7;0.8160000000000001
2021-04-08;La Florida;1;Foggy overnight.;18.79;0.93;1009.8;6.07;6;15.4;22.18;3.5999999999999996
2021-04-09;La Florida;1;Rain throughout the day.;15.655000000000001;0.98;1013.3;5.24;5;13.69;17.62;11.5296
2021-04-10;La Florida;1;Possible light rain in the morning.;13.850000000000001;0.88;1012.5;7.75;5;9.63;18.07;2.9352
2021-04-11;La Florida;1;Clear throughout the day.;12.415;0.58;1019.2;10.13;8;6.76;18.07;0.0216
2021-04-12;La Florida;1;Clear throughout the day.;13.865;0.55;1019.4;8.53;8;7.47;20.26;0.0624
2021-04-13;La Florida;1;Clear throughout the day.;14.805;0.58;1019.1;8.61;8;8.38;21.23;0.024
2021-04-14;La Florida;1;Clear throughout the day.;15.445;0.74;1013.9;7.57;7;9.5;21.39;0.0144
2021-04-15;La Florida;1;Clear throughout the day.;17.475;0.75;1013.5;7.89;7;12.02;22.93;0.0288
2021-04-16;La Florida;1;Clear throughout the day.;18.66;0.77;1014.0;7.81;7;12.97;24.35;0.35760000000000003
2021-04-17;La Florida;1;Mostly cloudy throughout the day.;17.91;0.86;1015.5;6.92;5;13.73;22.09;2.1936
2021-04-18;La Florida;1;Partly cloudy throughout the day.;16.91;0.88;1015.1;7.63;6;12.66;21.16;3.792
2021-04-19;La Florida;1;Mostly cloudy throughout the day.;16.48;0.89;1014.3;9.33;5;12.7;20.26;1.4832
2021-04-20;La Florida;1;Rain in the evening and overnight.;16.28;0.92;1012.6;12.81;5;13.77;18.79;6.1104
2021-04-21;La Florida;1;Rain in the morning and afternoon.;15.225;0.94;1011.0;9.5;4;12.34;18.11;11.2176
2021-04-22;La Florida;1;Possible light rain in the evening and overnight.;13.94;0.89;1013.6;5.04;4;11.09;16.79;2.2824
2021-04-23;La Florida;1;Possible light rain in the morning.;15.385;0.95;1012.5;3.29;4;12.46;18.31;5.064
2021-04-24;La Florida;1;Clear throughout the day.;13.224999999999998;0.75;1019.6;7.12;6;8.87;17.58;0.16319999999999998
2021-04-25;La Florida;1;Partly cloudy throughout the day.;12.135;0.73;1021.2;6.51;6;6.7;17.57;0.0
2021-04-26;La Florida;1;Clear throughout the day.;13.07;0.76;1018.9;6.98;6;7.5;18.64;0.0552
2021-04-27;La Florida;1;Clear throughout the day.;14.425;0.7;1017.8;7.2;6;8.33;20.52;0.040799999999999996
2021-04-28;La Florida;1;Clear throughout the day.;15.31;0.63;1019.9;8.3;6;9.07;21.55;0.0
2021-04-29;La Florida;1;Clear throughout the day.;15.665;0.58;1019.2;9.22;6;9.49;21.84;0.0
2021-04-30;La Florida;1;Clear throughout the day.;14.889999999999999;0.5;1014.9;9.23;6;8.54;21.24;0.0
2021-05-01;La Florida;1;Partly cloudy throughout the day.;14.825;0.59;1011.9;8.79;6;8.17;21.48;0.0
2021-05-02;La Florida;1;Mostly cloudy throughout the day.;16.82;0.7;1010.6;8.24;4;10.11;23.53;0.0336
2021-05-03;La Florida;1;Overcast throughout the day.;15.475;0.82;1010.5;7.9;4;9.96;20.99;0.8999999999999999
2021-05-04;La Florida;1;Overcast throughout the day.;7.289999999999999;0.64;1025.8;7.3;4;4.47;10.11;2.6448
2021-05-05;La Florida;1;Overcast throughout the day.;7.04;0.82;1027.7;4.17;4;3.73;10.35;2.3520000000000003
2021-05-06;La Florida;1;Partly cloudy throughout the day.;9.85;0.77;1026.0;6.76;5;5.01;14.69;0.0456
2021-05-07;La Florida;1;Overcast throughout the day.;9.33;0.75;1022.5;8.48;4;5.21;13.45;0.019200000000000002
2021-05-08;La Florida;1;Partly cloudy throughout the day.;8.605;0.7;1020.9;7.82;4;3.4;13.81;0.0
2021-05-09;La Florida;1;Partly cloudy throughout the day.;10.209999999999999;0.73;1019.9;5.98;4;5.31;15.11;0.0312
2021-05-10;La Florida;1;Overcast throughout the day.;9.43;0.74;1023.4;6.3;4;5.73;13.13;0.0504
2021-05-11;La Florida;1;Mostly cloudy throughout the day.;9.290000000000001;0.75;1023.6;5.21;4;3.61;14.97;0.2856
2021-05-12;La Florida;1;Clear throughout the day.;11.51;0.62;1019.8;8.09;4;4.53;18.49;0.024
2021-05-13;La Florida;1;Mostly cloudy throughout the day.;12.23;0.5;1018.0;7.73;3;6.03;18.43;0.0
2021-05-14;La Florida;1;Clear throughout the day.;12.515;0.47;1017.6;7.68;5;6.05;18.98;0.0336
2021-05-15;La Florida;1;Mostly cloudy throughout the day.;13.405000000000001;0.64;1017.7;7.01;4;7.53;19.28;0.040799999999999996
2021-05-16;La Florida;1;Partly cloudy throughout the day.;13.865;0.71;1019.0;6.69;4;8.45;19.28;0.024
2021-05-17;La Florida;1;Partly cloudy throughout the day.;13.780000000000001;0.76;1020.5;7.25;4;7.99;19.57;0.012
2021-05-18;La Florida;1;Overcast throughout the day.;14.09;0.82;1015.2;9.46;3;9.26;18.92;0.084
2021-05-19;La Florida;1;Foggy in the morning.;14.13;0.89;1011.3;6.38;3;9.73;18.53;0.2712
2021-05-20;La Florida;1;Rain overnight.;13.565;0.93;1010.2;4.69;4;10.36;16.77;1.5071999999999999
2021-05-21;La Florida;1;Possible light rain in the morning and afternoon.;9.03;0.84;1011.6;10.19;3;6.44;11.62;5.8704
2021-05-22;La Florida;1;Clear throughout the day.;7.935;0.58;1015.8;20.71;4;3.85;12.02;0.1296
2021-05-23;La Florida;1;Clear throughout the day.;8.385;0.58;1020.6;11.54;4;3.31;13.46;0.0456
2021-05-24;La Florida;1;Clear throughout the day.;11.725;0.36;1015.4;7.29;4;4.22;19.23;0.0
2021-05-25;La Florida;1;Clear throughout the day.;11.47;0.46;1018.6;8.12;4;6.18;16.76;0.0528
2021-05-26;La Florida;1;Clear throughout the day.;13.36;0.46;1015.9;7.21;4;5.98;20.74;0.0
2021-05-27;La Florida;1;Clear throughout the day.;15.175;0.44;1009.7;9.1;4;8.09;22.26;0.0336
2021-05-28;La Florida;1;Partly cloudy throughout the day.;12.475000000000001;0.59;1005.4;8.64;4;7.33;17.62;0.0312
2021-05-29;La Florida;1;Mostly cloudy throughout the day.;9.675;0.62;1018.5;5.97;3;5.74;13.61;0.2184
2021-05-30;La Florida;1;Clear throughout the day.;10.55;0.62;1020.1;5.72;3;4.12;16.98;0.0648
2021-05-31;La Florida;1;Clear throughout the day.;13.799999999999999;0.45;1016.7;9.44;3;6.88;20.72;0.048
2021-06-01;La Florida;1;Partly cloudy throughout the day.;15.785;0.37;1010.2;8.39;3;9.46;22.11;0.0
2021-06-02;La Florida;1;Mostly cloudy throughout the day.;13.23;0.66;1016.5;7.03;3;8.39;18.07;0.0264
2021-06-03;La Florida;1;Clear throughout the day.;16.01;0.6;1012.6;8.53;4;9.85;22.17;0.0
2021-06-04;La Florida;1;Overcast throughout the day.;15.844999999999999;0.7;1008.4;7.05;3;9.9;21.79;0.0072
2021-06-05;La Florida;1;Partly cloudy throughout the day.;10.66;0.73;1017.1;6.38;3;6.47;14.85;0.2712
2021-06-06;La Florida;1;Overcast throughout the day.;9.355;0.64;1019.2;9.42;3;4.68;14.03;0.0432
2021-06-07;La Florida;1;Mostly cloudy throughout the day.;9.05;0.71;1017.2;5.27;3;3.16;14.94;0.0288
2021-06-08;La Florida;1;Clear throughout the day.;11.285;0.73;1016.0;8.04;4;4.71;17.86;0.0432
2021-06-09;La Florida;1;Clear throughout the day.;12.5;0.73;1015.0;6.01;3;6.54;18.46;0.0528
2021-06-10;La Florida;1;Mostly cloudy throughout the day.;11.22;0.81;1021.6;7.07;3;6.96;15.48;0.1008
2021-06-11;La Florida;1;Clear throughout the day.;12.41;0.68;1022.0;6.7;3;6.07;18.75;0.0168
2021-06-12;La Florida;1;Clear throughout the day.;15.805;0.45;1014.5;9.27;4;8.42;23.19;0.038400000000000004
2021-06-13;La Florida;1;Clear throughout the day.;15.704999999999998;0.53;1012.4;8.6;4;9.53;21.88;0.0552
2021-06-14;La Florida;1;Mostly cloudy throughout the day.;8.765;0.71;1021.6;7.52;3;3.85;13.68;0.0288
2021-06-15;La Florida;1;Mostly cloudy throughout the day.;4.96;0.66;1029.3;4.76;3;1.57;8.35;0.2112
2021-06-16;La Florida;1;Possible light rain in the morning and afternoon.;0.8300000000000001;0.84;1030.7;5.01;2;-1.08;2.74;4.3608
2021-06-17;La Florida;1;Foggy in the morning.;1.375;0.85;1029.4;4.52;2;-0.86;3.61;1.452
2021-06-18;La Florida;1;Overcast throughout the day.;1.95;0.85;1027.4;5.27;2;0.08;3.82;1.3055999999999999
2021-06-19;La Florida;1;Clear throughout the day.;4.6450000000000005;0.76;1025.8;6.0;3;-0.17;9.46;0.1296
2021-06-20;La Florida;1;Clear throughout the day.;4.704999999999999;0.74;1020.2;8.41;3;0.04;9.37;0.036000000000000004
2021-06-21;La Florida;1;Clear throughout the day.;7.805;0.72;1019.4;6.41;3;1.63;13.98;0.0216
2021-06-22;La Florida;1;Clear throughout the day.;7.485;0.68;1016.4;10.77;3;2.31;12.66;0.0576
2021-06-23;La Florida;1;Clear throughout the day.;9.75;0.75;1010.3;6.32;3;3.97;15.53;0.038400000000000004
2021-06-24;La Florida;1;Clear throughout the day.;9.745000000000001;0.65;1015.3;7.53;3;4.02;15.47;0.038400000000000004
2021-06-25;La Florida;1;Clear throughout the day.;10.325000000000001;0.55;1011.6;6.58;3;4.19;16.46;0.0288
2021-06-26;La Florida;1;Rain in the morning.;3.48;0.73;1021.2;10.92;2;-0.23;7.19;4.3919999999999995
2021-06-27;La Florida;1;Clear throughout the day.;1.9600000000000002;0.61;1028.3;11.69;3;-2.57;6.49;0.1368
2021-06-28;La Florida;1;Clear throughout the day.;2.5300000000000002;0.49;1031.6;8.28;3;-3.35;8.41;0.0336
2021-06-29;La Florida;1;Clear throughout the day.;5.955;0.16;1028.4;7.46;3;-1.39;13.3;0.0216
2021-06-30;La Florida;1;Overcast throughout the day.;8.92;0.2;1018.8;8.83;3;3.06;14.78;0.0144
2021-07-01;La Florida;1;Clear throughout the day.;9.09;0.36;1015.4;7.24;4;2.2;15.98;0.024
2021-07-02;La Florida;1;Clear throughout the day.;9.155;0.34;1022.3;7.85;3;3.63;14.68;0.0288
2021-07-03;La Florida;1;Overcast throughout the day.;10.34;0.31;1023.4;8.78;3;4.53;16.15;0.0
2021-07-04;La Florida;1;Mostly cloudy throughout the day.;10.93;0.47;1018.7;7.5;3;4.79;17.07;0.0
2021-07-05;La Florida;1;Clear throughout the day.;11.915000000000001;0.66;1020.2;8.62;3;5.44;18.39;0.0
2021-07-06;La Florida;1;Clear throughout the day.;13.8;0.71;1013.1;10.8;4;6.94;20.66;0.0144
2021-07-07;La Florida;1;Clear throughout the day.;12.79;0.79;1016.4;7.22;4;7.95;17.63;0.7152000000000001
2021-07-08;La Florida;1;Clear throughout the day.;12.870000000000001;0.65;1013.8;8.93;4;6.32;19.42;0.0
2021-07-09;La Florida;1;Clear throughout the day.;17.33;0.61;1009.6;8.4;4;10.98;23.68;0.0
2021-07-10;La Florida;1;Clear throughout the day.;9.86;0.5;1020.3;7.83;4;4.67;15.05;0.0288
2021-07-11;La Florida;1;Mostly cloudy throughout the day.;12.295;0.68;1014.2;7.7;3;6.66;17.93;0.0
2021-07-12;La Florida;1;Mostly cloudy throughout the day.;13.649999999999999;0.76;1011.8;6.84;3;8.08;19.22;0.0
2021-07-13;La Florida;1;Possible light rain overnight.;10.445;0.8;1017.0;5.17;3;6.61;14.28;0.6264000000000001
2021-07-14;La Florida;1;Possible drizzle in the morning.;9.145;0.81;1017.3;5.82;3;5.94;12.35;3.2927999999999997
2021-07-15;La Florida;1;Clear throughout the day.;8.84;0.44;1021.0;8.19;4;2.5;15.18;0.0
2021-07-16;La Florida;1;Clear throughout the day.;11.285;0.34;1014.5;9.98;4;4.84;17.73;0.0
2021-07-17;La Florida;1;Clear throughout the day.;5.125;0.32;1025.5;10.82;4;0.04;10.21;0.0
2021-07-18;La Florida;1;Clear throughout the day.;5.83;0.18;1029.9;7.81;3;-0.85;12.51;0.0
2021-07-19;La Florida;1;Clear throughout the day.;8.985;0.19;1023.9;7.49;4;1.33;16.64;0.0
2021-07-20;La Florida;1;Clear throughout the day.;13.094999999999999;0.24;1018.5;8.95;4;5.85;20.34;0.0
2021-07-21;La Florida;1;Partly cloudy throughout the day.;14.765;0.26;1017.1;9.02;4;8.51;21.02;0.0
2021-07-22;La Florida;1;Mostly cloudy throughout the day.;14.505;0.29;1017.0;8.38;3;8.07;20.94;0.0
2021-07-23;La Florida;1;Mostly cloudy throughout the day.;14.82;0.42;1013.3;9.45;4;8.24;21.4;0.0
2021-07-24;La Florida;1;Clear throughout the day.;13.995000000000001;0.57;1011.8;6.37;4;7.78;20.21;0.0
2021-07-25;La Florida;1;Clear throughout the day.;10.175;0.61;1012.7;7.43;4;5.01;15.34;0.0
2021-07-26;La Florida;1;Partly cloudy throughout the day.;7.74;0.59;1021.1;7.56;3;2.42;13.06;0.0
2021-07-27;La Florida;1;Clear throughout the day.;5.3100000000000005;0.24;1028.2;11.48;4;0.15;10.47;0.1656
2021-07-28;La Florida;1;Clear throughout the day.;3.95;0.41;1031.5;9.23;4;-1.42;9.32;0.0
2021-07-29;La Florida;1;Clear throughout the day.;5.71;0.34;1026.1;7.63;4;-1.68;13.1;0.0
2021-07-30;La Florida;1;Clear throughout the day.;9.445;0.3;1019.9;8.34;4;1.73;17.16;0.0
2021-07-31;La Florida;1;Clear throughout the day.;9.815;0.34;1024.8;8.12;4;2.82;16.81;0.0
2021-08-01;La Florida;1;Clear throughout the day.;9.629999999999999;0.39;1030.8;7.59;4;1.86;17.4;0.0
2021-08-02;La Florida;1;Clear throughout the day.;12.24;0.29;1025.8;8.08;4;4.62;19.86;0.0
2021-08-03;La Florida;1;Clear throughout the day.;14.705;0.28;1024.4;8.48;4;7.73;21.68;0.0
2021-08-04;La Florida;1;Clear throughout the day.;13.925;0.34;1024.9;9.32;4;7.57;20.28;0.0
2021-08-05;La Florida;1;Clear throughout the day.;14.475;0.21;1020.2;8.96;4;7.29;21.66;0.0
2021-08-06;La Florida;1;Partly cloudy throughout the day.;16.4;0.32;1014.9;9.63;4;10.14;22.66;0.0
2021-08-07;La Florida;1;Clear throughout the day.;15.475;0.49;1012.4;8.75;5;8.61;22.34;0.0
2021-08-08;La Florida;1;Partly cloudy throughout the day.;8.84;0.75;1017.7;8.2;4;3.6;14.08;0.0672
2021-08-09;La Florida;1;Mostly cloudy throughout the day.;4.125;0.73;1027.6;8.34;3;-0.01;8.26;0.1608
2021-08-10;La Florida;1;Clear throughout the day.;6.45;0.59;1026.1;6.12;5;-1.52;14.42;0.0
2021-08-11;La Florida;1;Clear throughout the day.;8.0;0.45;1027.3;7.61;4;1.04;14.96;0.0
2021-08-12;La Florida;1;Partly cloudy throughout the day.;7.385;0.45;1026.5;7.94;4;1.5;13.27;0.0
2021-08-13;La Florida;1;Clear throughout the day.;7.9399999999999995;0.47;1024.1;7.57;5;0.85;15.03;0.0
2021-08-14;La Florida;1;Clear throughout the day.;9.66;0.35;1020.7;8.27;5;2.21;17.11;0.0
2021-08-15;La Florida;1;Partly cloudy throughout the day.;11.635;0.33;1015.7;9.0;4;4.34;18.93;0.0
2021-08-16;La Florida;1;Clear throughout the day.;16.580000000000002;0.36;1008.5;7.72;5;7.95;25.21;0.0
2021-08-17;La Florida;1;Clear throughout the day.;17.485;0.39;1009.3;8.65;5;10.25;24.72;0.0
2021-08-18;La Florida;1;Clear throughout the day.;21.685000000000002;0.32;1005.2;11.62;5;14.59;28.78;0.0624
2021-08-19;La Florida;1;Clear throughout the day.;14.79;0.37;1005.7;9.22;5;8.68;20.9;0.0
2021-08-20;La Florida;1;Mostly cloudy throughout the day.;9.315;0.7;1017.6;7.44;3;4.89;13.74;0.46320000000000006
2021-08-21;La Florida;1;Partly cloudy throughout the day.;12.229999999999999;0.54;1010.8;12.03;4;3.72;20.74;0.0
2021-08-22;La Florida;1;Clear throughout the day.;11.540000000000001;0.33;1009.5;10.26;5;6.46;16.62;0.0
2021-08-23;La Florida;1;Clear throughout the day.;7.4399999999999995;0.27;1013.7;8.24;6;2.26;12.62;0.0
2021-08-24;La Florida;1;Mostly cloudy throughout the day.;8.32;0.32;1013.9;8.5;4;1.95;14.69;0.0
2021-08-25;La Florida;1;Mostly cloudy throughout the day.;9.56;0.34;1014.9;5.89;4;2.59;16.53;0.0456
2021-08-26;La Florida;1;Clear throughout the day.;10.950000000000001;0.3;1015.5;9.3;5;3.6;18.3;0.019200000000000002
2021-08-27;La Florida;1;Partly cloudy throughout the day.;8.695;0.38;1018.1;9.18;5;1.16;16.23;0.0
2021-08-28;La Florida;1;Partly cloudy throughout the day.;14.485000000000001;0.42;1017.3;8.24;5;7.28;21.69;0.0
2021-08-29;La Florida;1;Clear throughout the day.;15.47;0.49;1019.7;11.16;6;8.64;22.3;0.0
2021-08-30;La Florida;1;Clear throughout the day.;17.69;0.57;1012.7;11.54;6;9.46;25.92;0.0
2021-08-31;La Florida;1;Partly cloudy throughout the day.;19.77;0.67;1009.8;11.34;5;13.06;26.48;0.7152000000000001
2021-09-01;La Florida;1;Rain in the evening and overnight.;17.695;0.76;1011.6;7.18;4;13.38;22.01;5.0448
2021-09-02;La Florida;1;Possible light rain in the morning.;11.844999999999999;0.88;1018.2;5.66;4;10.08;13.61;10.845600000000001
2021-09-03;La Florida;1;Mostly cloudy throughout the day.;12.4;0.8;1016.3;7.43;5;7.75;17.05;0.084
2021-09-04;La Florida;1;Mostly cloudy throughout the day.;13.605;0.76;1013.4;6.57;4;8.57;18.64;0.8736
2021-09-05;La Florida;1;Clear throughout the day.;11.945;0.6;1016.3;8.51;6;5.47;18.42;0.0
2021-09-06;La Florida;1;Possible light rain overnight.;11.844999999999999;0.84;1012.7;6.45;4;7.9;15.79;1.4712
2021-09-07;La Florida;1;Rain until evening.;9.52;0.91;1012.4;8.62;4;6.02;13.02;13.812000000000001
2021-09-08;La Florida;1;Possible light rain in the morning.;6.79;0.71;1018.7;20.63;5;4.02;9.56;4.6152
2021-09-09;La Florida;1;Clear throughout the day.;10.045;0.64;1019.3;10.66;7;3.35;16.74;0.0216
2021-09-10;La Florida;1;Clear throughout the day.;10.775;0.51;1017.7;8.62;7;3.52;18.03;0.0
2021-09-11;La Florida;1;Mostly cloudy throughout the day.;14.870000000000001;0.51;1008.6;14.49;5;6.94;22.8;0.0
2021-09-12;La Florida;1;Clear throughout the day.;17.23;0.39;1004.6;10.87;7;10.61;23.85;0.0
2021-09-13;La Florida;1;Clear throughout the day.;13.135;0.44;1010.9;12.65;7;5.13;21.14;0.46799999999999997
2021-09-14;La Florida;1;Clear throughout the day.;9.785;0.35;1021.1;8.99;7;3.02;16.55;0.0744
2021-09-15;La Florida;1;Clear throughout the day.;11.585;0.31;1020.7;8.63;7;3.74;19.43;0.0
2021-09-16;La Florida;1;Clear throughout the day.;13.860000000000001;0.29;1022.1;11.07;7;6.46;21.26;0.0
2021-09-17;La Florida;1;Clear throughout the day.;16.0;0.34;1015.5;9.56;8;8.37;23.63;0.0
2021-09-18;La Florida;1;Clear throughout the day.;16.505;0.44;1011.5;9.76;8;9.17;23.84;0.0
2021-09-19;La Florida;1;Possible light rain overnight.;17.23;0.69;1009.7;6.49;6;10.98;23.48;0.4224
2021-09-20;La Florida;1;Possible light rain in the morning.;11.155000000000001;0.88;1020.1;8.68;5;7.9;14.41;3.8280000000000003
2021-09-21;La Florida;1;Mostly cloudy throughout the day.;10.425;0.76;1025.6;8.1;6;5.18;15.67;0.3024
2021-09-22;La Florida;1;Partly cloudy throughout the day.;10.525;0.61;1020.0;7.84;7;4.73;16.32;0.9768
2021-09-23;La Florida;1;Clear throughout the day.;13.32;0.57;1021.3;8.83;8;6.78;19.86;0.0
2021-09-24;La Florida;1;Clear throughout the day.;14.68;0.52;1020.3;9.93;9;7.57;21.79;0.0
2021-09-25;La Florida;1;Clear throughout the day.;16.93;0.44;1013.2;9.74;9;8.17;25.69;0.0
2021-09-26;La Florida;1;Clear throughout the day.;16.24;0.49;1013.5;9.03;9;10.33;22.15;0.0
2021-09-27;La Florida;1;Clear throughout the day.;15.27;0.63;1016.2;7.63;9;8.55;21.99;0.10799999999999998
2021-09-28;La Florida;1;Mostly cloudy throughout the day.;12.83;0.8;1018.8;7.65;6;7.71;17.95;0.0288
2021-09-29;La Florida;1;Mostly cloudy throughout the day.;14.59;0.78;1013.4;10.77;6;8.36;20.82;0.040799999999999996
2021-09-30;La Florida;1;Clear throughout the day.;15.21;0.72;1008.2;10.24;7;9.32;21.1;0.4848
2021-10-01;La Florida;1;Clear throughout the day.;12.959999999999999;0.44;1014.8;10.43;7;5.81;20.11;0.5136
2021-10-02;La Florida;1;Partly cloudy throughout the day.;14.649999999999999;0.44;1009.7;10.84;7;7.74;21.56;1.2000000000000002
2021-10-03;La Florida;1;Partly cloudy throughout the day.;10.08;0.25;1018.4;7.68;7;3.03;17.13;0.024
2021-10-04;La Florida;1;Clear throughout the day.;12.395;0.26;1017.2;9.55;9;4.43;20.36;0.0
2021-10-05;La Florida;1;Clear throughout the day.;15.27;0.32;1011.0;9.93;9;6.63;23.91;0.0
2021-10-06;La Florida;1;Partly cloudy throughout the day.;9.69;0.55;1020.7;10.41;8;5.2;14.18;0.09359999999999999
2021-10-07;La Florida;1;Clear throughout the day.;10.489999999999998;0.54;1017.9;10.98;9;2.4;18.58;0.0
2021-10-08;La Florida;1;Mostly cloudy throughout the day.;12.920000000000002;0.58;1015.2;9.02;6;6.33;19.51;0.0
2021-10-09;La Florida;1;Mostly cloudy throughout the day.;13.0;0.59;1017.0;8.67;6;6.57;19.43;0.024
2021-10-10;La Florida;1;Overcast throughout the day.;13.845;0.73;1016.4;5.16;5;9.71;17.98;3.6672
2021-10-11;La Florida;1;Clear throughout the day.;15.425;0.64;1016.0;8.26;9;8.33;22.52;0.0
2021-10-12;La Florida;1;Rain overnight.;16.625;0.67;1009.5;11.15;6;10.3;22.95;2.5488
2021-10-13;La Florida;1;Rain in the morning.;16.475;0.82;1008.2;8.47;7;11.95;21.0;31.5
2021-10-14;La Florida;1;Rain in the afternoon.;13.805;0.75;1008.4;9.88;9;6.0;21.61;2.9424
2021-10-15;La Florida;1;Clear throughout the day.;9.58;0.37;1022.4;8.22;8;3.19;15.97;0.0
2021-10-16;La Florida;1;Clear throughout the day.;11.67;0.38;1020.8;9.13;9;3.79;19.55;0.0
2021-10-17;La Florida;1;Partly cloudy throughout the day.;13.86;0.44;1018.7;8.44;6;6.81;20.91;0.384
2021-10-18;La Florida;1;Clear throughout the day.;14.26;0.49;1021.8;6.7;9;7.7;20.82;0.3312
2021-10-19;La Florida;1;Clear throughout the day.;16.365000000000002;0.4;1018.5;10.82;9;8.54;24.19;0.0
2021-10-20;La Florida;1;Clear throughout the day.;17.39;0.38;1015.1;11.85;9;10.77;24.01;0.0312
2021-10-21;La Florida;1;Partly cloudy throughout the day.;18.259999999999998;0.42;1012.4;10.51;9;11.8;24.72;0.1392
2021-10-22;La Florida;1;Rain overnight.;16.55;0.65;1008.8;7.45;7;12.03;21.07;4.5792
2021-10-23;La Florida;1;Possible light rain in the morning.;14.62;0.62;1011.3;10.08;9;10.02;19.22;4.9488
2021-10-24;La Florida;1;Clear throughout the day.;16.405;0.32;1015.7;7.09;11;8.66;24.15;0.0
2021-10-25;La Florida;1;Clear throughout the day.;21.995;0.28;1012.8;11.24;11;14.26;29.73;0.0
2021-10-26;La Florida;1;Clear throughout the day.;24.11;0.21;1012.9;14.34;11;16.02;32.2;0.0
2021-10-27;La Florida;1;Mostly cloudy throughout the day.;22.855;0.21;1015.3;14.82;6;16.64;29.07;0.0
2021-10-28;La Florida;1;Partly cloudy throughout the day.;22.66;0.44;1016.6;16.48;8;17.07;28.25;0.4992
2021-10-29;La Florida;1;Mostly cloudy throughout the day.;22.985;0.45;1014.3;10.75;7;16.82;29.15;1.2744
2021-10-30;La Florida;1;Possible light rain overnight.;23.215;0.55;1013.7;9.15;7;17.15;29.28;3.9455999999999998
2021-10-31;La Florida;1;Rain until afternoon, starting again overnight.;15.35;0.82;1018.4;6.9;6;11.77;18.93;5.6448
2021-11-01;La Florida;1;Rain in the morning.;13.11;0.96;1017.7;4.74;5;10.23;15.99;13.377600000000001
2021-11-02;La Florida;1;Mostly cloudy throughout the day.;14.425;0.87;1015.7;5.17;6;9.91;18.94;0.5975999999999999
2021-11-03;La Florida;1;Clear throughout the day.;17.66;0.72;1009.6;9.51;10;11.79;23.53;0.0168
2021-11-04;La Florida;1;Possible light rain starting in the afternoon.;13.524999999999999;0.87;1011.9;9.51;7;7.76;19.29;5.9832
2021-11-05;La Florida;1;Overcast throughout the day.;9.605;0.54;1023.9;9.32;6;5.67;13.54;3.4416
2021-11-06;La Florida;1;Mostly cloudy throughout the day.;10.98;0.66;1021.9;6.3;7;4.53;17.43;1.8312000000000002
2021-11-07;La Florida;1;Partly cloudy throughout the day.;14.44;0.68;1016.4;8.65;9;8.04;20.84;0.78
2021-11-08;La Florida;1;Partly cloudy throughout the day.;17.1;0.69;1015.0;9.51;9;11.14;23.06;0.5256
2021-11-09;La Florida;1;Rain until evening.;14.780000000000001;0.92;1016.8;7.12;6;12.28;17.28;17.868000000000002
2021-11-10;La Florida;1;Rain until evening.;14.434999999999999;0.9;1017.0;6.61;6;10.94;17.93;16.488
2021-11-11;La Florida;1;Partly cloudy throughout the day.;16.53;0.72;1017.8;11.91;9;11.63;21.43;0.6456
2021-11-12;La Florida;1;Partly cloudy throughout the day.;17.54;0.7;1014.7;13.11;9;12.16;22.92;0.0696
2021-11-13;La Florida;1;Rain in the evening.;19.025;0.77;1007.7;13.83;9;13.31;24.74;8.2392
2021-11-14;La Florida;1;Clear throughout the day.;14.98;0.56;1013.8;10.01;12;7.96;22.0;3.3648
2021-11-15;La Florida;1;Possible light rain overnight.;17.495;0.6;1008.5;8.33;11;9.6;25.39;1.9367999999999999
2021-11-16;La Florida;1;Mostly cloudy throughout the day.;11.065000000000001;0.64;1021.3;12.36;6;6.92;15.21;3.2760000000000002
2021-11-17;La Florida;1;Clear throughout the day.;12.025;0.61;1018.0;8.27;10;4.46;19.59;0.0
2021-11-18;La Florida;1;Clear throughout the day.;16.85;0.5;1013.0;9.58;12;9.64;24.06;0.0
2021-11-19;La Florida;1;Partly cloudy throughout the day.;18.759999999999998;0.51;1014.7;9.36;11;12.71;24.81;0.1656
2021-11-20;La Florida;1;Partly cloudy throughout the day.;21.060000000000002;0.4;1012.8;10.07;11;14.52;27.6;0.1608
2021-11-21;La Florida;1;Clear throughout the day.;22.784999999999997;0.42;1010.3;9.96;13;16.08;29.49;0.0888
2021-11-22;La Florida;1;Clear throughout the day.;22.060000000000002;0.53;1008.9;9.89;10;17.86;26.26;1.9008000000000003
2021-11-23;La Florida;1;Mostly cloudy throughout the day.;18.945;0.6;1015.6;10.01;8;13.13;24.76;1.8648000000000002
2021-11-24;La Florida;1;Rain in the evening and overnight.;20.535;0.71;1008.2;12.33;9;14.51;26.56;7.8408
2021-11-25;La Florida;1;Clear throughout the day.;19.91;0.57;1010.6;15.63;13;14.43;25.39;4.8984000000000005
2021-11-26;La Florida;1;Clear throughout the day.;20.245;0.32;1011.3;12.18;14;13.17;27.32;0.0
2021-11-27;La Florida;1;Rain in the evening and overnight.;19.235;0.65;1008.1;11.07;8;14.36;24.11;18.6312
2021-11-28;La Florida;1;Possible light rain in the morning.;16.425;0.62;1012.7;12.46;12;11.0;21.85;6.4632
2021-11-29;La Florida;1;Clear throughout the day.;17.855;0.48;1010.3;9.61;12;10.61;25.1;0.0
2021-11-30;La Florida;1;Partly cloudy throughout the day.;19.64;0.5;1009.7;10.28;9;13.86;25.42;1.9968
2021-12-01;La Florida;1;Partly cloudy throughout the day.;16.93;0.75;1012.0;8.35;9;13.12;20.74;3.5736
2021-12-02;La Florida;1;Partly cloudy throughout the day.;18.52;0.7;1012.5;11.0;10;13.64;23.4;1.8744
2021-12-03;La Florida;1;Possible light rain overnight.;19.035;0.68;1011.3;8.95;9;15.16;22.91;0.8256
2021-12-04;La Florida;1;Possible light rain until morning, starting again in the evening.;16.935000000000002;0.84;1016.7;5.65;7;14.32;19.55;6.3984000000000005
2021-12-05;La Florida;1;Mostly cloudy throughout the day.;16.169999999999998;0.86;1020.0;6.04;8;12.85;19.49;3.0576000000000003
2021-12-06;La Florida;1;Mostly cloudy throughout the day.;17.990000000000002;0.83;1018.5;6.93;8;14.18;21.8;1.428
2021-12-07;La Florida;1;Partly cloudy throughout the day.;20.085;0.7;1014.9;12.89;8;14.73;25.44;0.2496
2021-12-08;La Florida;1;Rain starting in the afternoon.;18.205;0.72;1015.2;6.79;7;14.28;22.13;11.112
2021-12-09;La Florida;1;Rain throughout the day.;15.850000000000001;0.93;1016.3;5.89;6;13.81;17.89;21.566399999999998
2021-12-10;La Florida;1;Rain in the morning.;17.155;0.92;1011.9;5.98;7;13.44;20.87;10.9752
2021-12-11;La Florida;1;Partly cloudy throughout the day.;19.46;0.75;1005.0;7.45;10;13.66;25.26;0.804
2021-12-12;La Florida;1;Mostly cloudy throughout the day.;16.835;0.9;1005.5;6.2;8;13.96;19.71;5.1072
2021-12-13;La Florida;1;Possible light rain in the morning.;15.95;0.87;1013.7;7.3;6;12.06;19.84;2.8464
2021-12-14;La Florida;1;Possible light rain in the morning and afternoon.;15.875;0.96;1013.9;5.75;6;13.19;18.56;7.0776
2021-12-15;La Florida;1;Mostly cloudy throughout the day.;17.665;0.78;1015.6;6.78;9;13.35;21.98;1.5288000000000002
2021-12-16;La Florida;1;Partly cloudy throughout the day.;19.365;0.68;1014.9;11.3;11;13.87;24.86;0.2352
2021-12-17;La Florida;1;Partly cloudy throughout the day.;20.4;0.61;1015.0;11.19;10;14.65;26.15;0.0552
2021-12-18;La Florida;1;Partly cloudy throughout the day.;21.83;0.59;1013.2;11.12;12;15.76;27.9;0.096
2021-12-19;La Florida;1;Partly cloudy throughout the day.;23.505000000000003;0.6;1010.8;8.29;12;17.16;29.85;0.6864
2021-12-20;La Florida;1;Mostly cloudy throughout the day.;23.915;0.66;1010.7;10.24;9;18.48;29.35;2.5464
2021-12-21;La Florida;1;Mostly cloudy throughout the day.;22.244999999999997;0.77;1009.7;7.43;10;16.77;27.72;4.1184
2021-12-22;La Florida;1;Mostly cloudy throughout the day.;20.32;0.62;1014.5;8.09;9;15.7;24.94;1.0728
2021-12-23;La Florida;1;Partly cloudy throughout the day.;20.45;0.58;1014.3;10.28;11;14.5;26.4;0.0168
2021-12-24;La Florida;1;Partly cloudy throughout the day.;22.62;0.52;1010.6;7.51;11;16.32;28.92;0.8208
2021-12-25;La Florida;1;Mostly cloudy throughout the day.;21.950000000000003;0.45;1013.7;7.17;9;17.21;26.69;0.0336
2021-12-26;La Florida;1;Partly cloudy throughout the day.;22.095;0.41;1013.6;9.11;12;16.1;28.09;0.38160000000000005
2021-12-27;La Florida;1;Mostly cloudy throughout the day.;23.755000000000003;0.44;1010.7;7.27;9;17.89;29.62;0.684
2021-12-28;La Florida;1;Overcast throughout the day.;24.619999999999997;0.51;1012.1;9.68;7;20.29;28.95;1.6320000000000001
2021-12-29;La Florida;1;Clear throughout the day.;24.75;0.41;1009.7;13.39;12;18.4;31.1;0.5688
2021-12-30;La Florida;1;Clear throughout the day.;22.68;0.47;1009.4;11.22;11;18.33;27.03;0.2592
2021-12-31;La Florida;1;Partly cloudy throughout the day.;23.5;0.58;1007.0;9.01;11;16.31;30.69;1.1592
2022-01-01;La Florida;1;Partly cloudy throughout the day.;23.505000000000003;0.62;1003.0;8.59;11;18.16;28.85;3.0816
2022-01-02;La Florida;1;Clear throughout the day.;24.285;0.61;1004.8;8.4;12;16.88;31.69;1.0392
2022-01-03;La Florida;1;Mostly cloudy throughout the day.;23.045;0.67;1008.2;9.69;8;17.17;28.92;5.527200000000001
2022-01-04;La Florida;1;Partly cloudy throughout the day.;21.384999999999998;0.65;1009.7;10.77;12;16.58;26.19;5.868
2022-01-05;La Florida;1;Overcast throughout the day.;20.215;0.47;1014.5;8.19;7;14.73;25.7;0.0576
2022-01-06;La Florida;1;Clear throughout the day.;20.385;0.48;1012.9;10.51;14;13.4;27.37;0.0528
2022-01-07;La Florida;1;Mostly cloudy throughout the day.;20.15;0.51;1013.5;8.57;9;14.52;25.78;2.1024
2022-01-08;La Florida;1;Partly cloudy throughout the day.;21.875;0.5;1012.0;9.28;11;15.9;27.85;0.1248
2022-01-09;La Florida;1;Clear throughout the day.;23.345;0.46;1011.2;9.36;14;15.97;30.72;0.0432
2022-01-10;La Florida;1;Partly cloudy throughout the day.;25.615000000000002;0.38;1011.8;8.46;11;18.48;32.75;0.24
2022-01-11;La Florida;1;Mostly cloudy throughout the day.;26.79;0.37;1010.8;8.62;9;20.16;33.42;0.084
2022-01-12;La Florida;1;Partly cloudy throughout the day.;27.730000000000004;0.31;1012.0;12.97;11;21.62;33.84;0.0576
2022-01-13;La Florida;1;Clear throughout the day.;28.085;0.23;1010.0;17.28;13;21.4;34.77;0.0
2022-01-14;La Florida;1;Clear throughout the day.;28.67;0.24;1007.9;14.26;13;21.51;35.83;0.0
2022-01-15;La Florida;1;Partly cloudy throughout the day.;27.77;0.4;1005.7;9.33;12;22.22;33.32;1.1736
2022-01-16;La Florida;1;Mostly cloudy throughout the day.;23.765;0.68;1004.5;6.9;10;18.68;28.85;4.9272
2022-01-17;La Florida;1;Foggy in the evening and overnight.;18.455;0.97;1006.9;6.51;9;15.45;21.46;7.4352
2022-01-18;La Florida;1;Possible light rain in the morning.;14.73;0.96;1015.1;6.3;6;12.02;17.44;3.5351999999999997
2022-01-19;La Florida;1;Overcast throughout the day.;16.169999999999998;0.92;1016.2;6.45;7;11.85;20.49;1.02
2022-01-20;La Florida;1;Mostly cloudy throughout the day.;18.83;0.99;1012.7;6.25;7;15.26;22.4;4.2264
2022-01-21;La Florida;1;Rain overnight.;24.17;0.9;1006.8;8.99;10;19.02;29.32;11.4504
2022-01-22;La Florida;1;Rain until afternoon, starting again overnight.;21.235;0.99;1006.7;6.01;7;18.47;24.0;22.4208
2022-01-23;La Florida;1;Rain in the morning and afternoon.;20.28;0.98;1011.3;6.8;6;16.61;23.95;18.936
2022-01-24;La Florida;1;Humid and overcast throughout the day.;20.61;0.98;1011.4;5.7;6;16.53;24.69;4.2552
2022-01-25;La Florida;1;Humid and mostly cloudy throughout the day.;21.3;0.95;1009.1;6.21;7;17.07;25.53;4.3872
2022-01-26;La Florida;1;Rain starting in the afternoon.;20.315;0.98;1012.5;7.97;7;17.46;23.17;8.911200000000001
2022-01-27;La Florida;1;Rain in the morning.;15.03;0.92;1020.4;7.15;6;12.25;17.81;7.072800000000001
2022-01-28;La Florida;1;Clear throughout the day.;17.965;0.71;1015.0;8.53;12;11.84;24.09;0.0696
2022-01-29;La Florida;1;Clear throughout the day.;20.045;0.67;1011.2;8.94;11;13.81;26.28;0.5568
2022-01-30;La Florida;1;Clear throughout the day.;21.96;0.63;1008.3;7.57;12;15.58;28.34;2.2248
2022-01-31;La Florida;1;Partly cloudy throughout the day.;19.925;0.66;1011.8;8.82;11;15.12;24.73;1.8816
2022-02-01;La Florida;1;Partly cloudy throughout the day.;22.47;0.67;1009.9;8.99;11;15.96;28.98;1.2768
2022-02-02;La Florida;1;Overcast throughout the day.;21.395;0.72;1010.3;7.79;7;17.34;25.45;5.4264
2022-02-03;La Florida;1;Mostly cloudy throughout the day.;19.86;0.84;1010.4;6.5;10;15.05;24.67;4.4688
2022-02-04;La Florida;1;Rain in the morning.;18.065;0.87;1010.9;5.88;6;14.72;21.41;13.7856
2022-02-05;La Florida;1;Mostly cloudy throughout the day.;14.79;0.72;1015.7;11.21;6;11.61;17.97;1.0896000000000001
2022-02-06;La Florida;1;Clear throughout the day.;15.33;0.53;1019.3;8.58;12;7.79;22.87;0.0
2022-02-07;La Florida;1;Clear throughout the day.;16.9;0.59;1017.9;8.35;11;9.76;24.04;0.0072
2022-02-08;La Florida;1;Partly cloudy throughout the day.;19.625;0.62;1015.2;8.16;10;13.42;25.83;0.5136
2022-02-09;La Florida;1;Partly cloudy throughout the day.;21.585;0.55;1011.1;9.9;10;15.16;28.01;1.1256
2022-02-10;La Florida;1;Partly cloudy throughout the day.;22.05;0.49;1006.6;10.57;10;15.83;28.27;2.0904
2022-02-11;La Florida;1;Rain until evening.;16.28;0.93;1014.9;9.85;6;12.19;20.37;35.82
2022-02-12;La Florida;1;Clear throughout the day.;12.9;0.63;1021.6;7.63;12;6.27;19.53;0.2112
2022-02-13;La Florida;1;Clear throughout the day.;16.06;0.63;1015.0;7.8;12;9.08;23.04;0.0
2022-02-14;La Florida;1;Clear throughout the day.;20.01;0.57;1011.7;8.21;10;13.47;26.55;0.0
2022-02-15;La Florida;1;Clear throughout the day.;22.275;0.54;1011.5;9.77;12;15.9;28.65;0.012
2022-02-16;La Florida;1;Clear throughout the day.;23.215;0.63;1012.5;8.4;9;18.05;28.38;3.5664000000000002
2022-02-17;La Florida;1;Partly cloudy throughout the day.;19.79;0.71;1016.8;7.91;10;14.92;24.66;0.5424
2022-02-18;La Florida;1;Partly cloudy throughout the day.;20.595;0.69;1011.3;9.34;10;13.87;27.32;0.44639999999999996
2022-02-19;La Florida;1;Rain in the afternoon.;18.595;0.79;1008.9;6.56;7;14.82;22.37;7.6224
2022-02-20;La Florida;1;Clear throughout the day.;18.795;0.6;1010.2;9.3;11;12.66;24.93;1.1424
2022-02-21;La Florida;1;Rain in the morning and afternoon.;16.05;0.79;1016.3;7.66;6;13.55;18.55;8.4144
2022-02-22;La Florida;1;Overcast throughout the day.;15.295000000000002;0.9;1019.0;6.72;6;12.38;18.21;4.4712
2022-02-23;La Florida;1;Rain overnight.;17.384999999999998;0.86;1012.7;13.36;7;13.55;21.22;2.8296
2022-02-24;La Florida;1;Rain in the morning.;16.585;0.77;1011.9;7.92;12;12.77;20.4;15.0
2022-02-25;La Florida;1;Partly cloudy throughout the day.;17.335;0.76;1013.9;9.02;9;12.14;22.53;0.21599999999999997
2022-02-26;La Florida;1;Humid and mostly cloudy throughout the day.;21.83;0.92;1010.0;6.56;8;16.64;27.02;5.8991999999999996
2022-02-27;La Florida;1;Humid and mostly cloudy throughout the day.;21.880000000000003;0.91;1007.8;8.35;8;17.8;25.96;3.8448
2022-02-28;La Florida;1;Partly cloudy throughout the day.;19.195;0.62;1014.3;7.04;10;13.95;24.44;1.2408000000000001
2022-03-01;La Florida;1;Clear throughout the day.;19.8;0.5;1013.3;7.81;11;12.08;27.52;0.0
2022-03-02;La Florida;1;Clear throughout the day.;20.86;0.55;1012.7;8.93;10;15.04;26.68;0.0
2022-03-03;La Florida;1;Partly cloudy throughout the day.;21.78;0.68;1010.7;8.78;10;14.77;28.79;0.8304
2022-03-04;La Florida;1;Rain overnight.;20.295;0.89;1009.9;6.58;7;16.75;23.84;5.448
2022-03-05;La Florida;1;Rain until evening.;18.425;1.0;1010.2;5.68;7;16.89;19.96;19.7712
2022-03-06;La Florida;1;Possible light rain in the morning.;18.13;0.99;1008.1;5.21;6;15.11;21.15;3.4295999999999998
2022-03-07;La Florida;1;Clear throughout the day.;17.675;0.76;1011.1;9.49;9;13.93;21.42;2.028
2022-03-08;La Florida;1;Clear throughout the day.;18.04;0.66;1012.1;10.61;11;12.84;23.24;0.1464
2022-03-09;La Florida;1;Possible light rain overnight.;18.044999999999998;0.95;1012.1;7.09;7;15.19;20.9;7.14
2022-03-10;La Florida;1;Possible light rain in the morning.;16.705;0.73;1016.8;6.85;7;12.89;20.52;2.3688
2022-03-11;La Florida;1;Clear throughout the day.;14.8;0.6;1020.1;7.38;10;9.21;20.39;2.2512
2022-03-12;La Florida;1;Partly cloudy throughout the day.;15.665;0.73;1017.2;7.38;8;9.9;21.43;2.3352
2022-03-13;La Florida;1;Partly cloudy throughout the day.;16.855;0.7;1018.2;7.29;8;11.39;22.32;1.9464000000000001
2022-03-14;La Florida;1;Clear throughout the day.;19.83;0.57;1015.7;8.03;10;13.03;26.63;0.0
2022-03-15;La Florida;1;Clear throughout the day.;21.485;0.51;1014.7;8.43;9;15.71;27.26;0.0
2022-03-16;La Florida;1;Partly cloudy throughout the day.;21.665;0.61;1010.4;9.38;8;15.66;27.67;0.3312
2022-03-17;La Florida;1;Rain in the evening and overnight.;19.545;0.75;1009.0;7.66;5;13.57;25.52;7.632
2022-03-18;La Florida;1;Rain in the morning.;13.92;0.81;1019.0;7.25;6;9.95;17.89;8.1096
2022-03-19;La Florida;1;Mostly cloudy throughout the day.;12.015;0.74;1022.4;9.97;6;6.76;17.27;0.0
2022-03-20;La Florida;1;Partly cloudy throughout the day.;11.6;0.72;1020.4;13.4;8;6.88;16.32;0.009600000000000001
2022-03-21;La Florida;1;Partly cloudy throughout the day.;14.605;0.76;1013.7;11.42;7;7.46;21.75;0.0216
2022-03-22;La Florida;1;Partly cloudy throughout the day.;17.065;0.79;1011.4;6.53;7;12.62;21.51;0.1704
2022-03-23;La Florida;1;Partly cloudy throughout the day.;18.505000000000003;0.76;1005.4;9.09;8;11.59;25.42;1.9896
2022-03-24;La Florida;1;Clear throughout the day.;11.9;0.46;1013.5;18.01;8;6.38;17.42;0.22319999999999998
2022-03-25;La Florida;1;Clear throughout the day.;14.030000000000001;0.41;1015.0;15.23;9;7.67;20.39;0.2424
2022-03-26;La Florida;1;Clear throughout the day.;15.745;0.37;1012.0;7.22;9;7.27;24.22;0.0
2022-03-27;La Florida;1;Clear throughout the day.;18.58;0.41;1012.3;9.04;9;10.66;26.5;0.0
2022-03-28;La Florida;1;Clear throughout the day.;20.855;0.57;1009.9;10.87;8;13.21;28.5;0.0
2022-03-29;La Florida;1;Partly cloudy throughout the day.;16.59;0.67;1009.6;10.69;7;8.81;24.37;1.272
2022-03-30;La Florida;1;Clear throughout the day.;9.58;0.26;1022.7;8.75;8;2.73;16.43;0.0
2022-03-31;La Florida;1;Partly cloudy throughout the day.;10.705;0.4;1023.5;7.76;7;3.29;18.12;0.0
2022-04-01;La Florida;1;Clear throughout the day.;11.955;0.48;1022.1;10.65;8;4.59;19.32;0.0
2022-04-02;La Florida;1;Clear throughout the day.;14.025;0.51;1015.5;10.45;7;5.78;22.27;0.0
2022-04-03;La Florida;1;Clear throughout the day.;14.459999999999999;0.55;1012.7;10.35;8;8.36;20.56;0.0
2022-04-04;La Florida;1;Clear throughout the day.;14.74;0.58;1016.9;8.29;8;8.05;21.43;0.0
2022-04-05;La Florida;1;Clear throughout the day.;17.995;0.66;1014.4;8.62;7;10.63;25.36;0.024
2022-04-06;La Florida;1;Clear throughout the day.;18.79;0.71;1012.9;8.38;7;12.27;25.31;0.8400000000000001
2022-04-07;La Florida;1;Partly cloudy throughout the day.;18.905;0.73;1013.8;8.47;7;13.3;24.51;2.2608
2022-04-08;La Florida;1;Partly cloudy throughout the day.;18.075;0.73;1013.9;8.28;7;12.56;23.59;2.1479999999999997
2022-04-09;La Florida;1;Partly cloudy throughout the day.;17.885;0.76;1011.4;11.08;6;12.24;23.53;0.0744
2022-04-10;La Florida;1;Rain overnight.;17.785;0.89;1007.8;6.55;5;12.99;22.58;3.3000000000000003
2022-04-11;La Florida;1;Foggy in the morning.;14.285;0.82;1010.5;5.86;5;10.68;17.89;3.84
2022-04-12;La Florida;1;Rain in the afternoon.;12.5;0.85;1013.8;5.72;4;9.25;15.75;7.9512
2022-04-13;La Florida;1;Clear throughout the day.;12.285;0.51;1019.4;7.8;6;5.97;18.6;0.0144
2022-04-14;La Florida;1;Clear throughout the day.;13.434999999999999;0.48;1021.4;8.79;7;7.31;19.56;0.0
2022-04-15;La Florida;1;Partly cloudy throughout the day.;13.165;0.51;1018.3;8.75;6;7.18;19.15;0.0
2022-04-16;La Florida;1;Mostly cloudy throughout the day.;14.024999999999999;0.56;1019.9;7.11;6;9.06;18.99;0.2664
2022-04-17;La Florida;1;Partly cloudy throughout the day.;13.965;0.64;1020.0;7.83;6;9.14;18.79;0.8879999999999999
2022-04-18;La Florida;1;Clear throughout the day.;15.120000000000001;0.66;1015.7;9.45;7;8.42;21.82;0.0
2022-04-19;La Florida;1;Overcast throughout the day.;15.379999999999999;0.66;1012.9;8.82;4;9.88;20.88;0.0
2022-04-20;La Florida;1;Partly cloudy throughout the day.;16.35;0.77;1013.5;7.08;5;11.04;21.66;2.0568
2022-04-21;La Florida;1;Partly cloudy throughout the day.;14.31;0.73;1013.5;6.58;6;8.32;20.3;0.7752000000000001
2022-04-22;La Florida;1;Mostly cloudy throughout the day.;13.055;0.76;1008.8;7.86;4;9.51;16.6;0.5712
2022-04-23;La Florida;1;Clear throughout the day.;15.585;0.71;1006.5;7.84;5;7.73;23.44;0.0432
2022-04-24;La Florida;1;Clear throughout the day.;18.32;0.68;1003.0;9.55;6;10.62;26.02;0.0504
2022-04-25;La Florida;1;Clear throughout the day.;16.79;0.69;1006.5;9.18;5;12.54;21.04;0.0648
2022-04-26;La Florida;1;Clear throughout the day.;20.2;0.61;1000.9;10.6;6;12.57;27.83;0.6095999999999999
2022-04-27;La Florida;1;Clear throughout the day.;12.235000000000001;0.49;1008.5;10.83;6;6.44;18.03;1.3584
2022-04-28;La Florida;1;Clear throughout the day.;9.055;0.39;1020.8;8.02;6;4.25;13.86;0.0
2022-04-29;La Florida;1;Clear throughout the day.;8.709999999999999;0.48;1023.9;8.51;5;2.72;14.7;0.0
2022-04-30;La Florida;1;Clear throughout the day.;11.075000000000001;0.64;1017.4;6.41;5;4.37;17.78;0.0
2022-05-01;La Florida;1;Clear throughout the day.;11.87;0.59;1016.4;7.31;6;5.75;17.99;0.0
2022-05-02;La Florida;1;Overcast throughout the day.;10.655000000000001;0.66;1020.8;6.4;3;6.25;15.06;0.3144
2022-05-03;La Florida;1;Clear throughout the day.;11.030000000000001;0.62;1021.9;6.86;5;4.19;17.87;0.0
2022-05-04;La Florida;1;Partly cloudy throughout the day.;13.629999999999999;0.4;1017.7;8.8;5;6.13;21.13;0.0
2022-05-05;La Florida;1;Clear throughout the day.;15.08;0.43;1016.4;7.85;5;7.73;22.43;0.0
2022-05-06;La Florida;1;Mostly cloudy throughout the day.;15.34;0.51;1019.6;8.23;4;9.44;21.24;0.0
2022-05-07;La Florida;1;Mostly cloudy throughout the day.;15.6;0.62;1018.8;8.13;4;9.16;22.04;0.0
2022-05-08;La Florida;1;Overcast throughout the day.;16.21;0.7;1015.3;7.2;4;10.92;21.5;0.040799999999999996
2022-05-09;La Florida;1;Mostly cloudy throughout the day.;16.695;0.72;1018.7;6.54;4;12.67;20.72;0.5712
2022-05-10;La Florida;1;Partly cloudy throughout the day.;15.134999999999998;0.71;1017.5;7.55;4;9.62;20.65;0.06
2022-05-11;La Florida;1;Mostly cloudy throughout the day.;13.829999999999998;0.77;1019.1;6.68;4;10.01;17.65;0.4128
2022-05-12;La Florida;1;Overcast throughout the day.;12.415;0.8;1014.7;8.88;3;8.2;16.63;0.040799999999999996
2022-05-13;La Florida;1;Overcast throughout the day.;12.265;0.86;1015.0;6.21;3;8.79;15.74;0.9552
2022-05-14;La Florida;1;Rain in the evening and overnight.;9.350000000000001;0.93;1019.6;4.74;3;6.15;12.55;3.7008
2022-05-15;La Florida;1;Rain in the morning.;7.3100000000000005;0.79;1025.8;5.15;4;4.38;10.24;9.0312
2022-05-16;La Florida;1;Clear throughout the day.;7.7749999999999995;0.5;1029.1;7.95;4;1.45;14.1;0.20400000000000001
2022-05-17;La Florida;1;Clear throughout the day.;7.08;0.46;1029.5;8.06;4;0.05;14.11;0.0
2022-05-18;La Florida;1;Clear throughout the day.;8.129999999999999;0.29;1025.8;7.37;5;0.72;15.54;0.0
2022-05-19;La Florida;1;Partly cloudy throughout the day.;9.555;0.25;1018.0;7.66;3;3.12;15.99;0.0
2022-05-20;La Florida;1;Clear throughout the day.;12.205;0.46;1014.9;7.39;4;4.95;19.46;0.0
2022-05-21;La Florida;1;Partly cloudy throughout the day.;12.545;0.47;1020.2;6.7;4;7.68;17.41;0.0
2022-05-22;La Florida;1;Clear throughout the day.;13.28;0.42;1015.3;8.77;4;6.73;19.83;0.0
2022-05-23;La Florida;1;Mostly cloudy throughout the day.;13.739999999999998;0.6;1012.4;8.2;3;8.49;18.99;0.0
2022-05-24;La Florida;1;Mostly cloudy throughout the day.;13.295000000000002;0.74;1012.4;7.24;3;8.97;17.62;0.0
2022-05-25;La Florida;1;Mostly cloudy throughout the day.;7.6450000000000005;0.85;1019.8;6.81;3;4.48;10.81;0.2664
2022-05-26;La Florida;1;Mostly cloudy throughout the day.;7.1850000000000005;0.8;1022.8;6.74;3;2.54;11.83;0.012
2022-05-27;La Florida;1;Mostly cloudy throughout the day.;8.68;0.78;1017.9;6.27;3;4.08;13.28;0.0
2022-05-28;La Florida;1;Possible light rain overnight.;9.184999999999999;0.8;1013.6;5.26;3;4.68;13.69;0.2064
2022-05-29;La Florida;1;Possible light rain in the morning.;7.015000000000001;0.69;1018.1;5.83;3;3.65;10.38;2.3544
2022-05-30;La Florida;1;Partly cloudy throughout the day.;6.225;0.63;1020.9;5.43;3;2.05;10.4;0.07200000000000001
2022-05-31;La Florida;1;Overcast throughout the day.;5.805;0.63;1019.7;6.47;3;1.71;9.9;0.1824
2022-06-01;La Florida;1;Mostly cloudy throughout the day.;5.66;0.67;1020.2;5.29;3;2.04;9.28;0.3096
2022-06-02;La Florida;1;Mostly cloudy throughout the day.;6.69;0.65;1021.8;6.93;3;2.39;10.99;0.2712
2022-06-03;La Florida;1;Mostly cloudy throughout the day.;5.915;0.66;1019.7;10.76;3;0.64;11.19;0.0
2022-06-04;La Florida;1;Clear throughout the day.;8.78;0.65;1014.7;6.79;3;1.89;15.67;0.019200000000000002
2022-06-05;La Florida;1;Clear throughout the day.;10.445;0.66;1015.2;7.56;3;4.04;16.85;0.0
2022-06-06;La Florida;1;Clear throughout the day.;11.455;0.59;1016.2;7.85;4;4.68;18.23;0.0
2022-06-07;La Florida;1;Partly cloudy throughout the day.;13.575;0.46;1012.3;7.61;3;7.18;19.97;0.0
2022-06-08;La Florida;1;Partly cloudy throughout the day.;12.745;0.57;1014.5;6.45;3;6.7;18.79;0.0
2022-06-09;La Florida;1;Partly cloudy throughout the day.;10.504999999999999;0.69;1019.8;9.04;3;4.86;16.15;0.009600000000000001
2022-06-10;La Florida;1;Mostly cloudy throughout the day.;7.49;0.52;1028.8;5.58;3;1.63;13.35;0.0
2022-06-11;La Florida;1;Clear throughout the day.;10.335;0.63;1023.9;8.19;4;3.75;16.92;0.0
2022-06-12;La Florida;1;Clear throughout the day.;13.36;0.39;1019.3;9.01;4;6.02;20.7;0.0
2022-06-13;La Florida;1;Partly cloudy throughout the day.;13.440000000000001;0.21;1014.5;10.45;4;6.74;20.14;0.0
2022-06-14;La Florida;1;Overcast throughout the day.;11.64;0.3;1011.3;6.25;3;6.07;17.21;0.0
2022-06-15;La Florida;1;Partly cloudy throughout the day.;10.004999999999999;0.51;1015.0;6.55;3;4.26;15.75;0.0
2022-06-16;La Florida;1;Clear throughout the day.;9.265;0.58;1015.0;6.43;3;3.2;15.33;0.0
2022-06-17;La Florida;1;Clear throughout the day.;9.844999999999999;0.32;1017.4;7.82;3;3.13;16.56;0.0
2022-06-18;La Florida;1;Partly cloudy throughout the day.;10.575000000000001;0.24;1016.6;8.65;3;3.28;17.87;0.0
2022-06-19;La Florida;1;Mostly cloudy throughout the day.;9.879999999999999;0.35;1016.0;7.67;3;4.23;15.53;0.0
2022-06-20;La Florida;1;Mostly cloudy throughout the day.;9.885;0.44;1013.3;6.63;3;3.96;15.81;0.0
2022-06-21;La Florida;1;Overcast throughout the day.;7.43;0.63;1016.5;7.89;3;2.3;12.56;0.0048000000000000004
2022-06-22;La Florida;1;Overcast throughout the day.;3.145;0.81;1020.3;4.94;2;0.34;5.95;1.1280000000000001
2022-06-23;La Florida;1;Mostly cloudy throughout the day.;4.09;0.74;1019.5;5.89;3;-0.42;8.6;0.096
2022-06-24;La Florida;1;Partly cloudy throughout the day.;4.425;0.75;1023.7;6.13;3;-0.32;9.17;0.252
2022-06-25;La Florida;1;Overcast throughout the day.;3.345;0.83;1030.3;5.51;3;0.99;5.7;0.4944
2022-06-26;La Florida;1;Overcast throughout the day.;4.029999999999999;0.84;1021.4;5.05;3;1.0;7.06;0.0504
2022-06-27;La Florida;1;Rain in the evening and overnight.;6.619999999999999;0.83;1016.6;5.15;3;3.46;9.78;1.98
2022-06-28;La Florida;1;Rain in the morning.;9.11;0.67;1020.1;7.26;3;3.1;15.12;7.216800000000001
2022-06-29;La Florida;1;Partly cloudy throughout the day.;14.17;0.32;1011.1;10.54;3;6.84;21.5;0.0
2022-06-30;La Florida;1;Clear throughout the day.;8.105;0.52;1017.6;8.8;4;3.27;12.94;0.0
2022-07-01;La Florida;1;Clear throughout the day.;10.16;0.57;1006.4;7.79;4;2.62;17.7;0.0
2022-07-02;La Florida;1;Mostly cloudy throughout the day.;6.735;0.46;1017.4;7.36;3;2.01;11.46;0.0072
2022-07-03;La Florida;1;Clear throughout the day.;7.609999999999999;0.4;1018.0;8.45;3;1.93;13.29;0.0
2022-07-04;La Florida;1;Clear throughout the day.;9.07;0.53;1016.3;7.28;3;2.57;15.57;0.0
2022-07-05;La Florida;1;Clear throughout the day.;9.165000000000001;0.41;1015.4;7.07;3;2.44;15.89;0.0
2022-07-06;La Florida;1;Clear throughout the day.;13.41;0.48;1006.6;9.62;3;5.09;21.73;0.0
2022-07-07;La Florida;1;Clear throughout the day.;5.779999999999999;0.4;1019.7;8.28;3;0.36;11.2;0.0
2022-07-08;La Florida;1;Partly cloudy throughout the day.;8.675;0.45;1014.8;8.66;3;2.16;15.19;0.0048000000000000004
2022-07-09;La Florida;1;Clear throughout the day.;15.125;0.37;1003.5;11.66;3;5.65;24.6;0.0
2022-07-10;La Florida;1;Partly cloudy throughout the day.;11.07;0.3;1007.3;10.03;3;6.23;15.91;0.0456
2022-07-11;La Florida;1;Mostly cloudy throughout the day.;5.96;0.41;1017.0;8.89;3;1.11;10.81;0.1776
2022-07-12;La Florida;1;Clear throughout the day.;6.405;0.39;1018.4;8.78;4;-0.35;13.16;0.0
2022-07-13;La Florida;1;Clear throughout the day.;10.145;0.35;1008.8;9.07;4;4.32;15.97;0.0
2022-07-14;La Florida;1;Clear throughout the day.;10.225;0.48;1006.4;8.4;3;3.77;16.68;0.0
2022-07-15;La Florida;1;Overcast throughout the day.;4.6899999999999995;0.73;1014.6;8.46;2;1.29;8.09;0.2592
2022-07-16;La Florida;1;Mostly cloudy throughout the day.;4.04;0.69;1020.1;11.84;2;0.03;8.05;0.7272000000000001
2022-07-17;La Florida;1;Clear throughout the day.;6.745;0.34;1016.2;9.83;4;-1.1;14.59;0.0
2022-07-18;La Florida;1;Clear throughout the day.;6.949999999999999;0.4;1021.7;8.33;4;2.36;11.54;0.0
2022-07-19;La Florida;1;Clear throughout the day.;8.265;0.51;1021.3;8.67;4;1.23;15.3;0.0
2022-07-20;La Florida;1;Clear throughout the day.;11.625;0.47;1011.3;7.18;4;3.23;20.02;0.0
2022-07-21;La Florida;1;Mostly cloudy throughout the day.;12.454999999999998;0.43;1013.2;7.74;3;8.01;16.9;0.0
2022-07-22;La Florida;1;Clear throughout the day.;14.39;0.62;1013.1;7.75;4;7.92;20.86;0.0
2022-07-23;La Florida;1;Clear throughout the day.;16.16;0.74;1009.9;7.57;4;9.79;22.53;0.1008
2022-07-24;La Florida;1;Mostly cloudy throughout the day.;15.87;0.83;1012.9;6.83;4;10.95;20.79;1.8696
2022-07-25;La Florida;1;Overcast throughout the day.;15.370000000000001;0.91;1013.3;5.8;3;11.98;18.76;0.7824
2022-07-26;La Florida;1;Mostly cloudy throughout the day.;16.465;0.86;1013.2;6.34;4;11.57;21.36;0.4368
2022-07-27;La Florida;1;Mostly cloudy throughout the day.;12.235;0.87;1015.2;4.67;4;8.36;16.11;0.2544
2022-07-28;La Florida;1;Clear throughout the day.;10.184999999999999;0.45;1020.0;11.94;4;5.02;15.35;0.0
2022-07-29;La Florida;1;Partly cloudy throughout the day.;12.16;0.22;1019.0;8.68;4;4.81;19.51;0.0
2022-07-30;La Florida;1;Partly cloudy throughout the day.;13.129999999999999;0.26;1013.0;8.28;4;6.92;19.34;0.0
2022-07-31;La Florida;1;Clear throughout the day.;13.584999999999999;0.45;1015.9;7.69;4;7.52;19.65;0.0
